pdb_id,score
1XNL,1.0
2LTI,0.9950313623806428
5MXL,0.9898557484795949
5MXS,0.9898557484795949
5MXT,0.9898557484795949
6Q1X,0.9859330695082559
1D6X,0.9855142033055345
6MW6,0.9695588836314863
1NKF,0.9693985438214304
1T0C,0.9677629484525614
7BW5,0.9660345542635175
8DYN,0.9639653948760052
8HJC,0.9539634664880746
1DIP,0.9467520973266096
5V1E,0.942254263939844
1AML,0.9405339298434023
8HJD,0.9381641764141346
1YT6,0.9359843739372639
1FUL,0.9254604360225624
1FUV,0.9254604360225624
1PBZ,0.924274783470138
2DEF,0.9189510707552859
1QCM,0.9169871235925979
1IRR,0.9169828564847496
2IGR,0.9133669782574908
6S0N,0.908886644323113
7K1M,0.903918394622651
1Z65,0.9039133947791117
6CHC,0.9017144980721724
7ZWJ,0.9008201295080164
2LG4,0.899703742029452
2L87,0.8978781526060865
1ZTA,0.896483842790092
7FB8,0.8959578678701693
7FBA,0.8959578678701693
1IMW,0.8943625298622122
5YKK,0.89373423055813
2MN3,0.8924978468346206
2L1Q,0.8919946298232219
6RQS,0.8896851762311232
2LWQ,0.8889591644675257
2LWS,0.8889591644675257
2LWT,0.8889591644675257
2LWU,0.8889591644675257
2LWV,0.8889591644675257
2BBM,0.8870703011621274
2BBN,0.8870703011621274
1MWN,0.8857219812862752
5JPL,0.884877352544916
6WQR,0.8831914570259569
1ZY3,0.8827708667392563
6DZ9,0.8821341194236767
6DZA,0.8821341194236767
6DZB,0.8821341194236767
6DZC,0.8821341194236767
6DZE,0.8821341194236767
1WBR,0.8814336241029699
1G5J,0.8814195728185402
2M6A,0.8813277222445539
2RPW,0.8808418322771452
1AMB,0.8788763765409755
1AMC,0.8788763765409755
1HRL,0.8784875956036894
1DDM,0.8766977809228901
5ZCN,0.8764411941247011
2KP8,0.8760844811494262
1B0Q,0.8759516404788368
2M32,0.8745111252122024
1KV4,0.8742779859561292
2FLY,0.873839465196046
1JJZ,0.8732498284751952
1K48,0.8732498284751952
1B8W,0.872435629816067
5W54,0.8716390168135255
2RSW,0.8714388506635525
7TB9,0.8711190330854303
2RLG,0.8708003361618942
2RLH,0.8708003361618942
2LQ2,0.8702666028640655
1DJF,0.8688607847875105
1DN3,0.8688607847875105
1DNG,0.8688607847875105
1FOZ,0.8681103341335095
1CIX,0.8674306571268503
7ALD,0.8668796829892307
6POR,0.8667399028806254
1E0Q,0.8652673196519798
8S9Y,0.8643067462630265
1VTP,0.8638571051612781
6IMG,0.8634890563338407
6IMH,0.8634890563338407
1B1V,0.8620721610177198
1B5N,0.8620721610177198
1G89,0.8619887153531317
2LQ0,0.8604662629953908
2LQ1,0.8604662629953908
2MIX,0.8603866103155566
1BXP,0.8598172746835594
2LAQ,0.8595729719837215
2LIY,0.8591769929958227
2NMB,0.8587589026308918
1GJE,0.8581800414349102
5YKQ,0.8575517421308282
1B03,0.8573830405134736
6WQJ,0.8573224389616083
2MR7,0.8566188833918387
2MR8,0.8566188833918387
1MXQ,0.8565013008644644
2M55,0.8548609642646527
1XKM,0.8542801634741948
1QG1,0.8542594313643461
1QXQ,0.8528920172584256
6CGW,0.8520260098757254
2JNR,0.8518454551810146
1PMX,0.8518405415416741
2BTX,0.8499221101960345
5VFW,0.8497643565119471
2MJ1,0.8496162576981428
1ZFU,0.849508761062046
2RRH,0.8487698186686055
2DX2,0.8484740089598921
1G8C,0.8476033896525479
2LB7,0.8475093408714883
2LWA,0.8470495276742632
6AK0,0.8458868485408603
1XV4,0.8451952753547454
1XV7,0.8451952753547454
1ABT,0.844963299855358
5VAV,0.8446482666102777
2MFS,0.8443620686697476
1Q5L,0.8443351298575743
1QX9,0.8439689344204142
1H3H,0.8435832999363899
2L6S,0.8423453645372994
2L6T,0.8423453645372994
1DEF,0.8419042576512475
2LCS,0.8407745516239449
1BCV,0.8405839110379564
6WQL,0.8402408614282157
1IN2,0.8394566618303237
1IN3,0.8394566618303237
2RRI,0.8389695650041297
7OB2,0.8388283194241422
1U62,0.8382980342942716
7W8K,0.8382908362436589
7W8O,0.8382908362436589
7W8R,0.8382908362436589
7W8T,0.8382908362436589
7W8Z,0.8382908362436589
7W96,0.8382908362436589
7WE3,0.8382908362436589
7WEI,0.8382908362436589
6WPB,0.8376849931334045
6WPD,0.8376849931334045
2MUJ,0.8364236532942978
7VQI,0.8354206674394586
7WKF,0.8329949674850692
5W96,0.832675968846837
2M3N,0.8326319185011711
1KAT,0.8325430419720486
1B8Q,0.8317437997414391
2G9P,0.83169259444726
1LCX,0.8313685097612894
2KYA,0.8304709947438714
2LXZ,0.8298884698694342
1HR1,0.8295642989792646
1WXN,0.8295044732651901
1QBF,0.8293147809253899
1EQX,0.8290472030918343
7VQH,0.8290472030918343
1X22,0.8287699703879957
2L8X,0.8273117401584761
1MYU,0.826670337816153
2LHI,0.823588322193021
1LB0,0.823210015065908
5YKL,0.8231816969865512
1ABZ,0.8228430868930567
5M9U,0.8219209174747376
1BQF,0.8218234205257198
1FCT,0.8215054563378749
1TCP,0.8207162999985431
2RLJ,0.8202651072212137
2MP9,0.819445175982855
6NU4,0.8177228591898374
2MTM,0.8175190293614087
1GJF,0.8169127983322592
1GJG,0.8169127983322592
1T51,0.8162176476718874
1T52,0.8162176476718874
1T54,0.8162176476718874
1T55,0.8162176476718874
2DCI,0.8159280877675983
2EQH,0.8159208466148862
2EQQ,0.8159208466148862
1ANP,0.8142621916227966
1HAA,0.8134229075417726
1HAJ,0.8134229075417726
1HV2,0.8110997905841396
1GBR,0.8110111726676139
1DKC,0.8104687327456909
1QNZ,0.8102775749345085
2NB5,0.8094710915511868
2NB6,0.8094710915511868
1PP5,0.8084956910400132
2EQT,0.8084327188726768
1CFF,0.8083706518494291
2KBC,0.8061160672299651
2N1C,0.8060896887450849
2AIN,0.8050485144301088
1BM4,0.8041200090031666
1HZ3,0.8028871596518143
2N0I,0.8021323987878656
1MW4,0.8017261183981915
1P9Z,0.8015891399260523
2MU9,0.7997020007046332
2AMN,0.7996878632160046
1M25,0.7996623898752134
1BXL,0.7954200657341498
1BFZ,0.7952027018464854
6BUC,0.7945380674725437
6U6G,0.7939994636374741
2N5C,0.7916667349116575
2BBP,0.7916014352309493
7MY8,0.7892547414249019
1D5G,0.78904789444951
8TFV,0.7869613218138088
6R28,0.7869376156590963
6CFA,0.7868243433416695
6O3Q,0.7860183771835416
1IYC,0.7856019678004904
2O0S,0.78504776100541
6CL3,0.7831074337932357
1J8Z,0.7827274456842429
1QWP,0.7827152046879913
2JQ2,0.7827152046879913
1QKY,0.7824106021509845
2N68,0.782403705815068
7LCW,0.7810122838397385
1PAJ,0.7797996924751407
1PAK,0.7797996924751407
2MG5,0.7797996924751407
2LMA,0.7793514737426752
1AOU,0.7788818763688689
1JGN,0.7787268381170486
1JH4,0.7787268381170486
5LAH,0.7773320541779598
2MFM,0.7763391111122989
2MFO,0.7763391111122989
1J4K,0.7755324553205792
1J4L,0.7755324553205792
1K2M,0.7755324553205792
1K2N,0.7755324553205792
6M56,0.7749632489948807
7B3J,0.7749257501683353
2K10,0.7730986952735877
1AOT,0.7729745181249932
1I5H,0.7718571392981409
1N6T,0.7707833797959598
2MW3,0.7704587347826961
1IM7,0.7704466661948425
1J8N,0.7704466661948425
1BMX,0.7697500500630886
7M25,0.7684534527066093
7M27,0.7684534527066093
7M28,0.7684534527066093
7M29,0.7684534527066093
7M2A,0.7684534527066093
7M2B,0.7684534527066093
7M2C,0.7684534527066093
8B1L,0.7677182170937238
7B3K,0.7677044244218909
7DAB,0.7674876208615197
2BBL,0.7669329830454444
2YSZ,0.7664095511493908
2YT0,0.7664095511493908
2YT1,0.7664095511493908
6TRP,0.7660593896932363
1MM0,0.7650000262922807
7D37,0.7649530881059499
1AFT,0.7642369467231327
7R6P,0.7635519681582379
1ZUB,0.7627533724591206
2ROZ,0.7626938053576426
2L2R,0.7612432473018301
2N08,0.7608652418894134
2DCV,0.7608201139912605
2DCW,0.7608201139912605
7F32,0.7606270165856017
1MDI,0.7596901924534604
1DNY,0.7580308478277792
2K98,0.7579774443265267
1CQG,0.7577782264227422
1CQH,0.7577782264227422
1KVG,0.7570391547230031
1FI0,0.7569313563722101
1J4P,0.7568854957383662
1J4Q,0.7568854957383662
1K3N,0.7568854957383662
1K3Q,0.7568854957383662
2L6E,0.7555004959758587
6BE7,0.7554927375979528
6BE9,0.7554927375979528
6BEN,0.7554927375979528
6BEO,0.7554927375979528
6BEQ,0.7554927375979528
6BER,0.7554927375979528
6BES,0.7554927375979528
6BET,0.7554927375979528
6BEU,0.7554927375979528
6BEW,0.7554927375979528
6BF3,0.7554927375979528
6BF5,0.7554927375979528
2NC7,0.7548556885676768
2G9L,0.753999723974155
1QYT,0.7537979199444017
1JMQ,0.7524291265712978
1NCP,0.7518819023163328
1FU5,0.7515086812369578
2JX6,0.7510760654645031
2N09,0.7485844192979134
2M8F,0.7475688476300267
2K9B,0.7473603196727551
1RU5,0.7460149307396674
2JP5,0.7453062029179603
5T4R,0.7438837905331066
2N0O,0.7438474123611477
1KVF,0.7436631508858818
2OTK,0.7427299473300966
2L5R,0.7390296751920609
2JR3,0.738210993914587
1UAO,0.7380546625997825
2XL1,0.7377355777573512
2GBQ,0.7369500419943755
4GBQ,0.7369500419943755
2FQ5,0.7360721384322197
2FQ8,0.7360721384322197
1OG7,0.735915332994321
1OHN,0.735915332994321
6SZF,0.7356820213298497
1Q2F,0.7351601842114768
1Q2I,0.7351601842114768
1GBQ,0.7349252777693249
3GBQ,0.7349252777693249
1M02,0.7342472386424459
1ZFO,0.7341379748202707
1IDG,0.7328243090323984
1IDH,0.7328243090323984
1QXC,0.7325050086794699
6IHA,0.7305417511503736
1MDJ,0.7302675786955977
1MDK,0.7302675786955977
1G04,0.7298547467868032
2L4K,0.7289875325453177
2LP8,0.7289105952977506
2JSX,0.7273910307806748
6HZ2,0.7273910307806748
2L3H,0.7248491275660942
2N6U,0.7248036117490462
2N6V,0.7248036117490462
6CT4,0.7246241346068223
2L4T,0.7242055701187973
7LI2,0.7242055701187973
7LIF,0.7242055701187973
2BTA,0.7239502332814931
2BTB,0.7239502332814931
2M37,0.7229328944275278
1XOO,0.7220893863407551
1XOP,0.7220893863407551
8EB1,0.7216203061921423
2L24,0.7213041522924757
2LIF,0.7212531625087939
1CFG,0.7196344200608206
2L3I,0.7196126535005845
2N24,0.7193139559512061
5NWU,0.7184401470885007
6CXN,0.7182178695614956
1JU8,0.7181464062805621
2KNH,0.716825628646276
2M36,0.7155407550608545
6AWK,0.7151522758382647
6AWM,0.7151522758382647
6AXI,0.7151522758382647
2MUB,0.7148315962181528
1BA4,0.7148307772782628
1LXG,0.7145444931335339
5NVP,0.7139083492473469
5NWV,0.7139083492473469
5NWW,0.7139083492473469
6PI2,0.7135458174886423
6PI3,0.7135458174886423
2VDA,0.7134167267007075
2E2S,0.7131673810552308
2JOS,0.7131141068602768
5WYE,0.7131141068602768
1TMZ,0.7122361170939219
1Z0Q,0.7112323122991927
2LX6,0.7108296524858748
2LSW,0.7101975170949393
1PSB,0.709918431000823
7BZA,0.7096661975146812
1RUU,0.7083194293144103
1LXH,0.7076472520730601
2M8O,0.707445103226511
5ZYX,0.7069485670405314
2LOZ,0.7052480599098494
2JUI,0.7043590791081279
2RLW,0.7043590791081279
1KZV,0.7038341817406921
2M9R,0.7016530430987375
2M9S,0.7016530430987375
2M2G,0.7015859762319507
2M2H,0.7015859762319507
2M2S,0.7015859762319507
2M2X,0.7015859762319507
2M2Y,0.7015859762319507
6XN9,0.7011831440102348
1X5V,0.6990207978836525
1CB3,0.6987258502169286
1KZS,0.6979268665989159
7OLG,0.6978682908457262
7V5E,0.6978682908457262
1Y32,0.6966010460189911
8AHK,0.6966010460189911
1BNB,0.6962782543960047
2M8M,0.6962782543960047
6B9K,0.6962362729511137
2NA5,0.6959738673694953
2KGU,0.6956246110574298
6NW8,0.6952069948155933
7CU6,0.6946532190415076
1YTR,0.6932009800038154
2DDE,0.6922115282082121
6C41,0.6918336952041932
1I8G,0.691553617761789
7OVZ,0.6904801168722048
2N8D,0.6898289303533002
6AZF,0.6897834576383515
6AZG,0.6897834576383515
2M1J,0.6891363227167977
1EES,0.6881305352254925
1KZT,0.6873202157553173
1RPB,0.687281811784683
1RPC,0.687281811784683
5ZVF,0.6869050994352505
5ZVN,0.6869050994352505
7P4X,0.6869050994352505
2KNJ,0.6868779451125797
2MGO,0.6866748049177427
2RU2,0.6866748049177427
1ZSG,0.6866639431886743
2A2B,0.6866355820072182
2FBS,0.6864865780493249
1LB7,0.685374199066012
1RG3,0.6853172180905029
5KI0,0.6853172180905029
2MGT,0.6851923944104162
2GDW,0.6849490184057171
2GDX,0.6849490184057171
2GDY,0.6849490184057171
7MLL,0.6849224028592898
1BOM,0.6846194813041626
1BON,0.6846194813041626
1S7P,0.6843811266940526
1I8H,0.6840654038153806
6GDZ,0.6839716998511167
6GE2,0.6839716998511167
2DCO,0.6838421349400877
2N8E,0.6838421349400877
1Z64,0.6835147744945568
1JZP,0.6834243462898532
2PLD,0.6824589885678578
2PLE,0.6824589885678578
1KFP,0.6821525326405734
6WPO,0.6820448420450291
3BTB,0.6813503163650999
6M19,0.6812772583064858
7BZ7,0.6812772583064858
7BZ8,0.6812772583064858
7BZ9,0.6812772583064858
1DU1,0.6809733885051701
6BVU,0.6803768985505022
6BVW,0.6803768985505022
6BVX,0.6803768985505022
6BVY,0.6803768985505022
2KA1,0.6802460836785884
1D6B,0.6802278945926089
2N2F,0.6795698979419869
1BFW,0.6790673705641798
5AHT,0.6784269164680451
2L0L,0.6781427443261905
2L0M,0.6781427443261905
2L0N,0.6781427443261905
2L0O,0.6781427443261905
2P5H,0.6775394442398053
2P5J,0.6775394442398053
2NAV,0.6762621135217923
2NAW,0.6762621135217923
1RG4,0.6755168997728778
1SOL,0.6751537861358304
1DUM,0.6750010322952824
1S4Z,0.6750010322952824
5LFF,0.6748241843811267
5LFH,0.6748241843811267
5LM0,0.6748241843811267
2K4U,0.6747060846285586
5I22,0.6736296958983095
2N0V,0.6727117073836396
1Q3J,0.6726387786313239
1RPV,0.6722821518602479
5J6T,0.6722623248944882
5J6V,0.6722623248944882
5J6W,0.6722623248944882
2LXO,0.6715337701070216
1RY3,0.6706476340438657
1ZE7,0.6705644469918743
1ZE9,0.6705644469918743
2BP4,0.6705644469918743
2JNI,0.6692996158827099
2N6O,0.6687667446268708
2MTQ,0.6680924553826463
5TJ1,0.6678567300006043
6B5W,0.6678567300006043
2MW6,0.6667016799388088
5T56,0.6666456472094883
1FRY,0.6665786665469003
1NLO,0.6658498962489363
1NLP,0.6658498962489363
1GM2,0.6650021210543153
2KA9,0.6647066992644972
2O8Z,0.6643269697681012
1BA6,0.6637482809805176
1FW5,0.66374560865035
2KEG,0.6632538136953128
2KEH,0.6632538136953128
2KHF,0.6632538136953128
2KHG,0.6632538136953128
7PLL,0.6623169033589724
1DFY,0.6622959341875767
1DFZ,0.6622959341875767
1BY6,0.6573652910689088
6CXQ,0.6572219765881464
2NDL,0.6559130520312166
2NDM,0.6559130520312166
2NDN,0.6559130520312166
1J4M,0.6550193299985526
1K43,0.6550193299985526
6UX5,0.6549446340601582
2LCM,0.6546745994069324
6G4I,0.6541440987665644
6G4K,0.6541440987665644
6G4U,0.6541440987665644
1DG0,0.6541374179411454
1JAU,0.6535799353865047
1EIG,0.653307745628305
1EIH,0.653307745628305
2RPN,0.6532187828949836
2L9X,0.6512597493716361
2LA0,0.6512597493716361
7JGY,0.6512597493716361
2N65,0.6510239377853952
1KDL,0.6505428321510284
2MHW,0.6505428321510284
2L36,0.6505268843742218
1N09,0.6503145634321961
2K38,0.6499324202182294
2MAG,0.6493637311177245
2DX3,0.6491171009045148
2DX4,0.6491171009045148
6CXP,0.6482988937501353
6CXR,0.6482988937501353
1JAV,0.648089503750874
2LU6,0.6477546004379346
2E2F,0.6472218584883939
6KLM,0.6472218584883939
6OQP,0.6472218584883939
2OTQ,0.6463561959224897
2PDZ,0.6461950371725437
2K1V,0.6458373759510802
1FYJ,0.6457550509410783
2LDA,0.6452301535736426
2LDC,0.6452301535736426
2LDD,0.6452301535736426
5NZ9,0.645122893999093
1UYA,0.6449009397378341
1UYB,0.6449009397378341
6O8J,0.6448499930562518
6O8P,0.6448499930562518
6O8R,0.6448499930562518
6O8S,0.6448499930562518
6O8T,0.6448499930562518
2OQS,0.644703661428526
2KTO,0.644599742266686
2N5R,0.644548192155711
1RGR,0.644500607437888
1LVZ,0.6440500180899511
7M67,0.6440500180899511
7M73,0.6440500180899511
7M77,0.6440500180899511
7M79,0.6440500180899511
6IJQ,0.6436231779988264
1K4U,0.64359072211792
2LER,0.6435180950803006
7QLF,0.6432534912916087
1G3F,0.6432428450730378
2L63,0.643234009142645
2L64,0.643234009142645
2D2P,0.6426816988399414
6HNE,0.6426816988399414
6HNG,0.6426816988399414
6HNH,0.6426816988399414
6UXS,0.6426816988399414
1NIZ,0.6424526542833185
1NJ0,0.6424526542833185
7JGX,0.6423367311867741
7OJ9,0.6423367311867741
1QLY,0.6414937618762447
1I8X,0.6406517192608542
1I8Y,0.6406517192608542
1MA2,0.6406499305237259
1FU6,0.6405425847449774
8B9Q,0.640488922631128
8B9R,0.640488922631128
2M9L,0.6398815062942428
1D7T,0.6397472648054203
2H8B,0.638915178775009
1WGU,0.6388028116016714
2KA2,0.6381943392633489
1WLP,0.6367570135520759
1FME,0.6357893714188082
5UG3,0.6349319413539042
5UG5,0.6349319413539042
5TTB,0.6345237644718532
7ELY,0.6341782149403429
7JHF,0.6341782149403429
2BUG,0.6337162897402435
2AJW,0.6336454945418518
2AK0,0.6336454945418518
1ODP,0.6327336480763577
1ODQ,0.6327336480763577
1ODR,0.6327336480763577
6KMY,0.6317016114064706
6K4W,0.631330847146766
2L7L,0.6290107473360963
1L4W,0.6286978476449401
1LJZ,0.6286978476449401
1M4P,0.6286978476449401
1M4Q,0.6286978476449401
2PCO,0.6279765555612354
2B0Y,0.626289108366695
1VM5,0.6262787638628206
5LFY,0.6262409202194794
1ZUE,0.6249891059443571
1ZUF,0.6249891059443571
1ILP,0.6247583804058545
1M4E,0.6232247215022495
1M4F,0.6232247215022495
2L11,0.6229546437469241
2NZZ,0.6229546437469241
2O00,0.6229546437469241
2M0W,0.6220676887438782
2B19,0.6208878549748831
1NYF,0.6203465788096458
1NYG,0.6203465788096458
2LSR,0.6199312900811811
7RY6,0.6194649684669351
2HLG,0.6191672622658446
2JQW,0.6191672622658446
2KMN,0.6191672622658446
5ZV6,0.6191672622658446
7ZRF,0.6191672622658446
8BOO,0.6191672622658446
8BVZ,0.6191672622658446
1SUY,0.6188764092985711
1SV1,0.6188764092985711
1PIC,0.6187643869420294
2NBL,0.6184753873650334
6NM2,0.6179025173608791
4B2U,0.6170217259580584
4B2V,0.6170217259580584
2MUD,0.6169558659500569
2K6O,0.6169108242561031
8CWX,0.6168141893490747
1J4O,0.616661909631621
1K3J,0.616661909631621
2JSB,0.6157140513620134
2N30,0.6156558204256194
1N7T,0.6154818603521287
2MW7,0.6154664729026151
1J9V,0.614837440862842
1JAA,0.614837440862842
1JAR,0.614837440862842
1JC8,0.614837440862842
1JCP,0.614837440862842
1JD8,0.614837440862842
1JDK,0.614837440862842
1JYT,0.614837440862842
2N9T,0.6147747273081023
2LUG,0.6147394266886304
2LHH,0.6144311173710685
2JP8,0.6130326697535241
5A4H,0.6127817724324661
2N8J,0.6126780687811235
1VM2,0.6119096014495409
1JRJ,0.6117821485413861
1CV9,0.6112417344181386
8HZW,0.6112417344181386
5XBD,0.6110875151062083
6KN2,0.6110875151062083
6KN3,0.6110875151062083
6KNO,0.6110875151062083
6KNP,0.6110875151062083
2L27,0.6108299800618309
2EJY,0.6104624915616865
1JEG,0.6104180963992247
6CJ8,0.610386157743512
6COO,0.610386157743512
6COP,0.610386157743512
6COQ,0.610386157743512
6COR,0.610386157743512
6COS,0.610386157743512
6COT,0.610386157743512
6COU,0.610386157743512
6COV,0.610386157743512
6COW,0.610386157743512
2MSF,0.6099971612957285
7CSS,0.6093438196718499
1KCN,0.608569274944241
7JYN,0.608569274944241
6EE9,0.6080573082066484
1VM3,0.6077122327982323
1JBF,0.607695509183635
1ILQ,0.6076768459745614
6FGM,0.6076768459745614
1BYM,0.6061244376576836
1A0N,0.6061059037549084
2K8X,0.6050741256976183
2K9E,0.6047898242494654
2MUG,0.6047320674361656
2N16,0.6046622420350122
1AZG,0.6041665678910221
1KCO,0.6021958105966166
2ND6,0.6017694877306857
2ND7,0.6017694877306857
2ND8,0.6017694877306857
5U3H,0.6009107430517476
2MUH,0.6007118915158086
1VM4,0.6000509208203226
4B19,0.5996199860297475
5IPO,0.599356847712438
5JYH,0.599356847712438
5KVN,0.5992488338511476
5KWO,0.5992488338511476
5KWP,0.5992488338511476
5KWX,0.5992488338511476
5KWZ,0.5992488338511476
5KX0,0.5992488338511476
5KX1,0.5992488338511476
5KX2,0.5992488338511476
1RJI,0.5991625434479939
7PQW,0.5989945745663304
2ORU,0.5983932140744217
1GUW,0.5981637384968039
2LMK,0.5978940917624733
2L6G,0.5978613341668705
6J9P,0.5978613341668705
7ZRO,0.5978613341668705
1G26,0.5977356053426949
2KBS,0.5969074847054355
1CZ6,0.5965064627718978
6O3S,0.5955844657619767
1F95,0.5954661936010106
1F96,0.5954661936010106
2MJQ,0.5951483587194643
2MOA,0.5951483587194643
6F7O,0.5951483587194643
2N0X,0.5945635925358542
2K7L,0.5944538976926843
2MF3,0.5942267496284384
2M5Z,0.5940236094336013
2M60,0.5940236094336013
2LZO,0.5938742606589121
1D9J,0.5932915202739777
1D9L,0.5932915202739777
1D9M,0.5932915202739777
1FHR,0.5932915202739777
6PX7,0.5932839774065691
6PX8,0.5932839774065691
1FWO,0.5930526915407733
2N0N,0.592975193965913
5UI6,0.5929322642748335
5UI7,0.5929322642748335
2KXQ,0.5918186353306358
2KBR,0.5910002126657589
2K9O,0.590782547063398
1GEA,0.5902127373083067
7M1D,0.5902127373083067
7M1E,0.5902127373083067
1NPQ,0.589987959859532
6VL2,0.5898158100742192
1YL8,0.589815335951125
1YL9,0.589815335951125
1LUP,0.589581765674057
1TYK,0.589581765674057
1I16,0.5894317272657761
1E9K,0.5890883328392397
1QVX,0.5874526512661715
5GVO,0.5873897222009345
2HUG,0.5869180559263534
1EWS,0.5859648529964105
6K4V,0.5853480188507894
2JMC,0.5842333985583037
2M01,0.5838847887777304
2RUH,0.5838847887777304
1JSP,0.5835733761090063
2RPS,0.5834995853147009
2MU8,0.5831278297067083
5X0S,0.5830422289371462
1IDI,0.5827055153360287
1IDL,0.5827055153360287
1PG1,0.5821263308743011
2MYQ,0.5821263308743011
1QFB,0.582118507843246
1OM2,0.5812264667924616
5FZV,0.581106836915362
5FZW,0.581106836915362
5FZX,0.581106836915362
6MK4,0.5810485413258188
6MK5,0.5810485413258188
1D9O,0.5810107407845772
1D9P,0.5810107407845772
1Y7N,0.5809154851447321
2M41,0.5804208885532289
2MLP,0.5786347806529848
1Y49,0.5784666824650229
1YWI,0.5784666824650229
2MMM,0.577641492770528
2A4J,0.577186550110544
7RM8,0.5764249360127782
1HLL,0.5762882161532359
1HOF,0.5762882161532359
1MV4,0.5762882161532359
2MZX,0.5754522078317722
2MMT,0.5747633931800238
1OHM,0.5743987925205444
6AZA,0.5743534060097947
2JNC,0.5742487972143631
2JND,0.5742487972143631
1KMR,0.5736072440146917
2MAI,0.5722008009576942
2M1A,0.5705425338844999
2JYO,0.5702139234780843
2RPV,0.57008478958805
1M0V,0.5700698762616307
1L3Q,0.5696308813784534
6QAX,0.5696308813784534
6QB0,0.5696308813784534
6QB1,0.5696308813784534
2MDB,0.5690965877533316
2RTV,0.5690965877533316
7SAG,0.5690965877533316
2KSG,0.5690368051413563
2M38,0.5684499269548721
5XER,0.5683564385011055
5XES,0.5683564385011055
2RR4,0.568266505970546
1PXQ,0.5681039033002674
2LQA,0.5679427445503215
5NIQ,0.5677337424699554
5XDJ,0.5677054243905988
7RUL,0.5663944740349935
2MWL,0.5663641301569615
7M3U,0.5663641301569615
6OKY,0.5662270223785238
1HOD,0.5656815653096373
2NDK,0.5656069986775414
1JM4,0.5647804297158632
2ROQ,0.5642937208085643
6FS4,0.5633951928918086
6FS5,0.5633951928918086
2KUP,0.5629976622283286
2KUQ,0.5629976622283286
2YS5,0.5629976622283286
2YT2,0.5629976622283286
1AZE,0.5622521467647177
1K9Q,0.5619952151497328
1K9R,0.5619952151497328
2RLY,0.5616901384896317
2MLJ,0.5611436469703578
8GVN,0.5611436469703578
2NCT,0.5610646839241151
2LPC,0.5610205473742502
7JPM,0.5610205473742502
5XM4,0.5609504202584006
1U6U,0.5609025769279806
1U6V,0.5609025769279806
6E86,0.5607783566772867
6O7G,0.5607783566772867
7TV5,0.5607396078898566
1DTC,0.5607371510701863
2DTB,0.5607371510701863
2K20,0.5607371510701863
2MM5,0.5607371510701863
2MM6,0.5607371510701863
2NAY,0.5607371510701863
2RLK,0.5601898837131217
2NCS,0.5577521151708787
6BNH,0.5574410904210497
1HO9,0.5564285790022261
1A13,0.5563342716085695
1LMM,0.5553090450704
2HFR,0.5547471661016126
7CCN,0.5547226410070099
7CCO,0.5547226410070099
1CE4,0.5543367479103887
1L2Z,0.554065118479482
2MWO,0.553881115616813
2MWP,0.553881115616813
6MK8,0.5510248687907439
2JUP,0.5508763820580442
2RM0,0.5508763820580442
2KXA,0.5503895869465464
1LFC,0.5500501579131619
6VXW,0.5500501579131619
2LQP,0.5500121849635222
1V6R,0.5497187889723796
5WRX,0.5490841536596742
5MGQ,0.5475076512691888
5MF9,0.5471679636232073
6T33,0.5463517822675032
1MPV,0.5451175105468682
2LQC,0.5447804090268554
1NXN,0.5447333846363257
2N5Q,0.5445570108452641
1V4Q,0.5444671429678537
2DJ9,0.5444671429678537
2DJC,0.5444671429678537
7V5F,0.5444671429678537
1V28,0.5438689289292068
2MD0,0.5436607026866315
6GBE,0.5414665472106347
6ZXP,0.5408557042568409
1O0P,0.5405250680517497
1OPI,0.5405250680517497
2LYD,0.5396270789112375
2KOE,0.5383370330738788
6OBW,0.5366957051257792
6OC2,0.5366957051257792
6OC4,0.5366957051257792
6OLD,0.5366957051257792
6V1N,0.5366957051257792
2N6Y,0.536682860700135
2N6Z,0.536682860700135
6Q08,0.5363985161498825
1L0M,0.536325156376572
2MCR,0.536172574944422
5J8H,0.5348871410317074
7YFS,0.5348871410317074
2M2Q,0.5344778865971694
2M2R,0.5344778865971694
2PKU,0.5344778865971694
7Y0I,0.5333080525152533
2JPJ,0.5327753105657125
2JPK,0.5327753105657125
2JPL,0.5327753105657125
2JPM,0.5327753105657125
2N6B,0.5327753105657125
1QGM,0.5310054952590708
2LGF,0.5309937283859134
6A5J,0.530381290654439
5XNG,0.5302981036024476
5XRX,0.5302981036024476
7OSD,0.5297319575258119
2JT9,0.5294835601265236
2MXQ,0.5294835601265236
5X3L,0.5294835601265236
2D56,0.5289103884076731
2LS1,0.5289103884076731
2JO9,0.5262147400042568
1OPP,0.5258199247730437
2LL6,0.5258199247730437
2MSR,0.5239585606071121
1EGT,0.5238457193106802
2K61,0.5235673659522552
6TT6,0.5231100957788993
7QCY,0.5230801182687128
7RAP,0.5230440202604005
2L3R,0.522901869536324
2LCT,0.5226164905356842
7CLV,0.5219881481295026
6HVB,0.5217407420785022
6HVC,0.5217407420785022
1EGS,0.52074624733726
2NBC,0.5203506131661569
5SXY,0.5201679464685718
1R3B,0.5197900703624533
5H1H,0.5191887098705446
5H1I,0.5191887098705446
1BH7,0.5191718138475495
2KNE,0.5191718138475495
1PSV,0.5189227268146696
2LL7,0.5189227268146696
2LX4,0.5189227268146696
2I2H,0.5184283888357631
2I2J,0.5184283888357631
2KC8,0.5179638990607449
5T3M,0.5178523292762477
2DCX,0.5175850531573883
2DD6,0.5175850531573883
2JOA,0.5175850531573883
6R9Z,0.5175850531573883
2MU7,0.5172074356638667
1IFW,0.5166454273887808
5TP6,0.5165063800158668
5KKM,0.5162250957146772
2MUE,0.5156397261016745
5XR1,0.5156397261016745
2N8F,0.5145518291108649
1Q71,0.5142959319462675
2JOD,0.514154858774678
2BL6,0.513184932230138
1SMZ,0.5126323633148376
2FBU,0.5116993752695498
2FCG,0.5116993752695498
1QVK,0.5114322715590883
1QVL,0.5114322715590883
1SKI,0.5114322715590883
1SKK,0.5114322715590883
1SKL,0.5114322715590883
1Z6V,0.5114322715590883
1Z6W,0.5114322715590883
3PDZ,0.5114322715590883
2NVJ,0.511059007377614
6MI9,0.5104932492198736
1DVW,0.5094188000841008
1I6C,0.5092782441377051
1D0R,0.5086586945598168
7TV6,0.5086586945598168
2KNU,0.5086152045414442
5L34,0.507691311039146
5X6T,0.507691311039146
2MC1,0.5066419042231696
1NZS,0.5063146730839371
7T7W,0.5062217880595633
2LAS,0.5059205043842163
2FXY,0.5046025714884956
2FXZ,0.5046025714884956
2KFQ,0.5046025714884956
2NCU,0.5043885695645903
2NCW,0.5043885695645903
6PIN,0.5043885695645903
6PIO,0.5043885695645903
6PIP,0.5043885695645903
1CKK,0.5042595649808544
1HOY,0.5042595649808544
1IK8,0.5042595649808544
1IKC,0.5042595649808544
1JBD,0.5042595649808544
2KFT,0.503168844802529
1G3G,0.5031165404048132
2F3A,0.5031165404048132
2M3O,0.5031165404048132
2LL1,0.5028101706817278
2N9R,0.5028101706817278
2NDD,0.5028101706817278
2ROR,0.5028101706817278
5UY2,0.5028101706817278
5V2B,0.5028101706817278
5VR5,0.5028101706817278
6CKD,0.5022852302121925
6CKF,0.5022852302121925
1VJ6,0.5022291112786729
1ZNM,0.5022291112786729
2M1P,0.5022291112786729
6EWS,0.5022291112786729
6EWT,0.5022291112786729
6EWV,0.5022291112786729
6F27,0.5022291112786729
1SJU,0.5015533565630662
2JTA,0.501346272526127
1IYT,0.5013035798965946
1Y58,0.5011489726657692
1Y5C,0.5011489726657692
2LQX,0.5011489726657692
1IE6,0.5004327450787531
2B0F,0.5002024936633448
2IN2,0.5002024936633448
1IIJ,0.498240270584636
1MEA,0.498240270584636
1MED,0.498240270584636
5MMK,0.498240270584636
5MML,0.498240270584636
1O53,0.49797075315660383
2KQ0,0.49731969594399766
6BGH,0.4966855778564861
7TV8,0.49637791507041634
1O8Y,0.49520795168220166
1O8Z,0.49520795168220166
1FEO,0.4948521007489162
2BAO,0.4943448321401666
2BAU,0.4943448321401666
2PQ4,0.49381540905228566
1G9L,0.49350283262687555
1GW3,0.49179146376712524
1GW4,0.49179146376712524
2LWP,0.49179146376712524
2OS6,0.49088748343478567
7TV7,0.49088748343478567
2M6C,0.4908689495320103
2M6D,0.4908689495320103
2M6E,0.4908689495320103
2M6F,0.4908689495320103
2M6G,0.4908689495320103
2M6H,0.4908689495320103
5GWG,0.490539563287804
5KGY,0.490539563287804
5KGZ,0.490539563287804
5KHB,0.490539563287804
7NYI,0.490539563287804
1F3R,0.4901111284189986
1PYC,0.4901111284189986
1EIT,0.48878716122935123
1FAC,0.48878716122935123
2MBD,0.48847423998714523
2LV6,0.487659222388127
1BLQ,0.48682131757428626
1FGD,0.48682131757428626
1FGE,0.48682131757428626
1KYJ,0.48682131757428626
2JWM,0.48682131757428626
2P7R,0.48682131757428626
6G4V,0.48682131757428626
6G4X,0.48682131757428626
6R95,0.48682131757428626
6R96,0.48682131757428626
5TLR,0.48675797903910417
1JC2,0.4863227986917306
1BRV,0.48601733411273423
1HO2,0.48601733411273423
1HO7,0.48601733411273423
1JY4,0.48601733411273423
1JY6,0.48601733411273423
3CMH,0.48601733411273423
5TCE,0.48601733411273423
6CMH,0.48601733411273423
1H7D,0.4835974960438738
1H7J,0.4835974960438738
1LCM,0.4835974960438738
2L7U,0.4835974960438738
2LBG,0.4835974960438738
2LNE,0.4835974960438738
2LNF,0.4835974960438738
2LNG,0.4835974960438738
2LR5,0.4835974960438738
7B2B,0.4835974960438738
7B2F,0.4835974960438738
1EZP,0.48341461383579115
1FI6,0.4831871640568489
1HD9,0.4831871640568489
1SKH,0.4831871640568489
1TOR,0.4831871640568489
1TOS,0.4831871640568489
6KBO,0.4831871640568489
6KBV,0.4831871640568489
2N6M,0.48258496307400034
7VH9,0.48258496307400034
1J6Y,0.4804065614153626
2MG1,0.4799594633374835
2MTX,0.47977882243857367
2G57,0.479634301099026
7JS6,0.479634301099026
1IWC,0.4788658337674433
1IWF,0.4788658337674433
1KB7,0.4788658337674433
1KB8,0.4788658337674433
1NIL,0.4788658337674433
1NIM,0.4788658337674433
1PAN,0.4788658337674433
1PAO,0.4788658337674433
1TMR,0.4788658337674433
2GW9,0.4788658337674433
2GWP,0.4788658337674433
2JNW,0.4788658337674433
2L4S,0.4788658337674433
2M77,0.4788658337674433
2M78,0.4788658337674433
2M79,0.4788658337674433
2RMY,0.4788658337674433
2RND,0.4788658337674433
5NWM,0.4788658337674433
5OLF,0.4788658337674433
2L9I,0.4773401056501421
1P7E,0.4773034257634869
1P7F,0.4773034257634869
2OED,0.4773034257634869
1AJW,0.476518321021506
2MG2,0.4764539695869862
1S6W,0.4761600132685503
2E0H,0.4761600132685503
2MI1,0.4761600132685503
6BGG,0.4759267447061786
2DRN,0.47587506528890516
6CSK,0.47499983405691704
6CSZ,0.47499983405691704
6CT1,0.47499983405691704
1BKU,0.4742728309450317
1BYV,0.4742728309450317
1IIE,0.4742728309450317
1PRL,0.4742728309450317
1PRM,0.4742728309450317
1RLP,0.4742728309450317
1RLQ,0.4742728309450317
1Y7J,0.4742728309450317
1Y7K,0.4742728309450317
2JOU,0.4742728309450317
2K1I,0.4742728309450317
2KBH,0.4742728309450317
2KBJ,0.4742728309450317
2KE0,0.4742728309450317
2KJA,0.4742728309450317
2KO7,0.4742728309450317
2L86,0.4742728309450317
3ZEH,0.4742728309450317
5W72,0.4742728309450317
6ANF,0.4742728309450317
7JXG,0.4742728309450317
2KGB,0.4738627575706036
2MG3,0.4731414008337498
1BDK,0.47276171443945336
1T2M,0.47276171443945336
1X7K,0.47276171443945336
1ZEC,0.47276171443945336
2A7U,0.47276171443945336
2B5K,0.47276171443945336
2DY7,0.47276171443945336
2DY8,0.47276171443945336
2LEW,0.47276171443945336
2LEY,0.47276171443945336
2MYZ,0.47276171443945336
2MZK,0.47276171443945336
2MZL,0.47276171443945336
2MZM,0.47276171443945336
5WOV,0.47276171443945336
5WOW,0.47276171443945336
6PQF,0.47276171443945336
6PQG,0.47276171443945336
1GDF,0.47232095237019744
1DT7,0.47056648141096963
1HY9,0.47056648141096963
7EDK,0.4701890363258461
1FB9,0.4698125394869109
1G2G,0.4698125394869109
1KUW,0.4698125394869109
1LBJ,0.4698125394869109
1NMR,0.4698125394869109
1ZTN,0.4698125394869109
1ZTO,0.4698125394869109
2FEI,0.4698125394869109
2K76,0.4698125394869109
2M16,0.4698125394869109
6MJV,0.4698125394869109
1GNA,0.4694034574607709
1GNB,0.4694034574607709
2DBA,0.4694034574607709
2YU7,0.4694034574607709
5V4C,0.4694034574607709
5Y22,0.4694034574607709
2H9R,0.46891230903722586
2LFM,0.4672887822562104
1P0G,0.46632848903090357
2KPZ,0.46632848903090357
2K2I,0.4661833858130129
1EDS,0.46547926991595007
1EDV,0.46547926991595007
1EDW,0.46547926991595007
1EDX,0.46547926991595007
1FDF,0.46547926991595007
1QFN,0.46547926991595007
1RJA,0.46547926991595007
1TTV,0.46547926991595007
1VL3,0.46547926991595007
2FN5,0.46547926991595007
2G5M,0.46547926991595007
2JMY,0.46547926991595007
2JQC,0.46547926991595007
2K2M,0.46547926991595007
2ROL,0.46547926991595007
2YYF,0.46547926991595007
6CEJ,0.46547926991595007
6CIV,0.46547926991595007
6CIX,0.46547926991595007
1KTM,0.46408082229840564
2AFD,0.46408082229840564
2AFE,0.46408082229840564
2OD1,0.46408082229840564
2ODD,0.46408082229840564
2OX2,0.46408082229840564
6VNZ,0.46408082229840564
1B9P,0.46126759136761497
1B9Q,0.46126759136761497
1N0A,0.46126759136761497
1NMJ,0.46126759136761497
1OQP,0.46126759136761497
1XC0,0.46126759136761497
6GNZ,0.46126759136761497
6GO0,0.46126759136761497
2JMX,0.4609402740241835
2JR8,0.4609402740241835
2LL5,0.4609402740241835
1N0C,0.4598807813169295
1N0D,0.4598807813169295
6SJW,0.4598807813169295
6SJX,0.4598807813169295
5N14,0.45969121828342785
5VL6,0.45969121828342785
1WQK,0.4588172370123245
1F5X,0.45786511163486865
1LIQ,0.45786511163486865
1TER,0.45786511163486865
1A1P,0.4571725471004658
1D7N,0.4571725471004658
1E74,0.4571725471004658
1E75,0.4571725471004658
1E76,0.4571725471004658
1EI0,0.4571725471004658
1GM1,0.4571725471004658
1PAA,0.4571725471004658
1QLC,0.4571725471004658
1R48,0.4571725471004658
1S8K,0.4571725471004658
1XV3,0.4571725471004658
2JM4,0.4571725471004658
2JUE,0.4571725471004658
2KFE,0.4571725471004658
2L4J,0.4571725471004658
2L5M,0.4571725471004658
2MQF,0.4571725471004658
2MXO,0.4571725471004658
2PPZ,0.4571725471004658
5WCV,0.4571725471004658
7N87,0.4571725471004658
7S5J,0.4571725471004658
7TH8,0.4556568186702434
1LVQ,0.4548533093317856
1LVR,0.4548533093317856
1Q2K,0.4548533093317856
5VR1,0.4548533093317856
6BL9,0.4548533093317856
2E63,0.45383691872400894
2YUE,0.45383691872400894
1CFH,0.4531893527814604
1J7M,0.4531893527814604
1T8J,0.4531893527814604
1ZNU,0.4531893527814604
2ABO,0.4531893527814604
2JOG,0.4531893527814604
2LJ4,0.4531893527814604
2LM8,0.4531893527814604
2MD6,0.4531893527814604
2PQE,0.4531893527814604
6DST,0.4531893527814604
1TCE,0.45307077890579806
1HU5,0.4519028844183583
1HU6,0.4519028844183583
1HU7,0.4519028844183583
1IXD,0.4519028844183583
1M2C,0.4519028844183583
1OMC,0.4519028844183583
1QFA,0.4519028844183583
2A9H,0.4519028844183583
2BBU,0.4519028844183583
2F2I,0.4519028844183583
2F2J,0.4519028844183583
2GD3,0.4519028844183583
2JS9,0.4519028844183583
2JSA,0.4519028844183583
2JV0,0.4519028844183583
2K4P,0.4519028844183583
2K72,0.4519028844183583
2KUY,0.4519028844183583
2L5I,0.4519028844183583
2L5J,0.4519028844183583
2LSU,0.4519028844183583
2LSV,0.4519028844183583
2MFA,0.4519028844183583
2MSO,0.4519028844183583
2MSQ,0.4519028844183583
2RSE,0.4519028844183583
6H3E,0.4519028844183583
6MF8,0.4519028844183583
7LVE,0.4519028844183583
7LVF,0.4519028844183583
7LVG,0.4519028844183583
7LXK,0.4519028844183583
1OT0,0.45058046890429204
1CSY,0.4493134395880543
1CSZ,0.4493134395880543
1GO9,0.4493134395880543
1GOE,0.4493134395880543
1XKE,0.4493134395880543
2JRV,0.4493134395880543
2JRW,0.4493134395880543
2LM5,0.4493134395880543
2MCE,0.4493134395880543
2RQS,0.4493134395880543
2ZNF,0.4493134395880543
7JIA,0.4493134395880543
7JIY,0.4493134395880543
1ACW,0.44783249455211016
1QJT,0.44617896870985846
1RGJ,0.44617896870985846
1SY9,0.44617896870985846
2H8S,0.44617896870985846
2JNG,0.44617896870985846
2K2F,0.44617896870985846
2KXW,0.44617896870985846
2LYE,0.44617896870985846
2LYF,0.44617896870985846
2LZ5,0.44617896870985846
2LZI,0.44617896870985846
2MK7,0.44617896870985846
5TCZ,0.44617896870985846
1SBU,0.4450606847389172
1ALG,0.44246425736849787
1BFI,0.44246425736849787
1BFJ,0.44246425736849787
1CKW,0.4418667329634426
1CKX,0.4418667329634426
1CKY,0.4418667329634426
1CKZ,0.4418667329634426
1GJZ,0.4418667329634426
1KAL,0.4418667329634426
1MXL,0.4418667329634426
2N63,0.4418667329634426
1CTA,0.44067931322493964
1CTD,0.44067931322493964
1EGX,0.44067931322493964
1F8H,0.44067931322493964
1FF1,0.44067931322493964
1FU3,0.44067931322493964
1KQH,0.44067931322493964
1KQI,0.44067931322493964
1VB8,0.44067931322493964
2AIV,0.44067931322493964
2L12,0.44067931322493964
2L1B,0.44067931322493964
2LL2,0.44067931322493964
2M8B,0.44067931322493964
2MH5,0.44067931322493964
7JMY,0.44067931322493964
7JQ8,0.44067931322493964
7JYZ,0.44067931322493964
1IO6,0.43751247267003635
1DPK,0.4353909873337585
1DPQ,0.4353909873337585
1JLO,0.4353909873337585
1MK3,0.4353909873337585
1ZFD,0.4353909873337585
2AP7,0.4353909873337585
2AP8,0.4353909873337585
2DC2,0.4353909873337585
2JMZ,0.4353909873337585
2JNQ,0.4353909873337585
2KBQ,0.4353909873337585
2KJF,0.4353909873337585
2KTR,0.4353909873337585
2LQ4,0.4353909873337585
2RQ2,0.4353909873337585
5XI9,0.4353909873337585
5XIR,0.4353909873337585
6Q5Z,0.4353909873337585
6ZYC,0.4353909873337585
8FEY,0.4353909873337585
1FVY,0.4348007040814154
1HVZ,0.4348007040814154
1LOI,0.4348007040814154
2KPA,0.4348007040814154
2KPB,0.4348007040814154
1M8B,0.43195458624872346
1M8C,0.43195458624872346
2MTW,0.43044732738104835
1BEI,0.4303020948568592
1ERD,0.4303020948568592
1G5M,0.4303020948568592
1GFC,0.4303020948568592
1GFD,0.4303020948568592
1GJH,0.4303020948568592
1PMC,0.4303020948568592
1QVP,0.4303020948568592
1QW1,0.4303020948568592
2KPK,0.4303020948568592
2KPL,0.4303020948568592
2M7I,0.4303020948568592
2M7J,0.4303020948568592
2MFX,0.4303020948568592
2MFY,0.4303020948568592
2MG6,0.4303020948568592
2OBU,0.4303020948568592
5A3G,0.4303020948568592
5LWC,0.4303020948568592
5XIV,0.4303020948568592
6MJD,0.4303020948568592
6RSS,0.4303020948568592
6WPV,0.4303020948568592
7LHC,0.4303020948568592
7RFA,0.4303020948568592
8DHZ,0.4303020948568592
8DJ4,0.4303020948568592
1XGA,0.42808699176051646
1XGB,0.42808699176051646
1XGC,0.42808699176051646
2LUF,0.4258110716018111
6VLA,0.4258110716018111
1BDE,0.4254015154525768
1DSK,0.4254015154525768
1FHQ,0.4254015154525768
1HN3,0.4254015154525768
1HO0,0.4254015154525768
1MQ1,0.4254015154525768
1ORX,0.4254015154525768
1T9E,0.4254015154525768
1ZU2,0.4254015154525768
2B38,0.4254015154525768
2BEY,0.4254015154525768
2I1D,0.4254015154525768
2I1E,0.4254015154525768
2I1F,0.4254015154525768
2I1G,0.4254015154525768
2I1H,0.4254015154525768
2I1I,0.4254015154525768
2K3B,0.4254015154525768
2KBV,0.4254015154525768
2LLM,0.4254015154525768
2N3K,0.4254015154525768
7RN3,0.4254015154525768
2LDS,0.4222754925858786
1F3C,0.42067899082123555
1JLP,0.42067899082123555
1KUP,0.42067899082123555
1KUZ,0.42067899082123555
1MA4,0.42067899082123555
1MA5,0.42067899082123555
1MA6,0.42067899082123555
1MZI,0.42067899082123555
1OMN,0.42067899082123555
2KBI,0.42067899082123555
2KJ7,0.42067899082123555
2LAM,0.42067899082123555
2MD1,0.42067899082123555
2MD2,0.42067899082123555
2MD3,0.42067899082123555
2MD4,0.42067899082123555
2MWR,0.42067899082123555
2MXM,0.42067899082123555
5J6Z,0.42067899082123555
6DMZ,0.42067899082123555
6GFT,0.42067899082123555
1AFO,0.4176648610047806
6NOM,0.4176648610047806
7OFG,0.4176648610047806
7OTD,0.4176648610047806
1AD7,0.41612499539885084
1BAL,0.41612499539885084
1BBL,0.41612499539885084
1BZK,0.41612499539885084
1EJP,0.41612499539885084
1F3K,0.41612499539885084
1F68,0.41612499539885084
1IXT,0.41612499539885084
1NAU,0.41612499539885084
1OMG,0.41612499539885084
1OZZ,0.41612499539885084
1P00,0.41612499539885084
1P0A,0.41612499539885084
1XYD,0.41612499539885084
2LN4,0.41612499539885084
2LO9,0.41612499539885084
2LOC,0.41612499539885084
2M7P,0.41612499539885084
2N98,0.41612499539885084
4BXU,0.41612499539885084
5NMY,0.41612499539885084
6MZT,0.41612499539885084
7QXJ,0.41612499539885084
1BF8,0.41321685364501093
1CCN,0.41321685364501093
1NM7,0.41321685364501093
1QH2,0.41321685364501093
2LKW,0.4123551564722587
5Y3U,0.4123551564722587
1CW5,0.41173069325503003
1CW6,0.41173069325503003
1FJN,0.41173069325503003
1KSQ,0.41173069325503003
1NC8,0.41173069325503003
1PJV,0.41173069325503003
2EEM,0.41173069325503003
2LEP,0.41173069325503003
2LIX,0.41173069325503003
2LMF,0.41173069325503003
5V4U,0.41173069325503003
5ZNF,0.41173069325503003
6CGX,0.41173069325503003
6URP,0.41173069325503003
7ZNF,0.41173069325503003
2JO4,0.4107980931286374
2JO5,0.4107980931286374
2RUM,0.4107980931286374
6F0Y,0.4107980931286374
6NM3,0.4100101005459916
7L51,0.4100101005459916
7L53,0.4100101005459916
7L54,0.4100101005459916
7L55,0.4100101005459916
1BWM,0.40892302249507195
1DLZ,0.40892302249507195
1DXZ,0.40892302249507195
1EH2,0.40892302249507195
1HJ0,0.40892302249507195
1IRS,0.40892302249507195
2KI9,0.40892302249507195
2LQY,0.40892302249507195
2MG9,0.40892302249507195
5KVP,0.40892302249507195
6QBI,0.40892302249507195
1KLQ,0.4047755229728587
1L2Y,0.4047755229728587
1MKE,0.4047755229728587
1N3H,0.4047755229728587
1OY2,0.4047755229728587
2MIJ,0.4047755229728587
1FSB,0.40338862671797426
1Q2J,0.40338862671797426
1Q7X,0.40338862671797426
1SJT,0.40338862671797426
2LUR,0.40338862671797426
2M9O,0.40313432433105756
1NE5,0.40076689841516167
2L37,0.40076689841516167
2MP8,0.40076689841516167
2M5P,0.3985044692135927
2M5Q,0.3985044692135927
2L4G,0.3974221323936156
2MFV,0.3974221323936156
2RUO,0.3974221323936156
4UQT,0.3974221323936156
5KJ3,0.3974221323936156
5O2Q,0.3974221323936156
1IJA,0.39689042489446236
1M23,0.39689042489446236
1PNJ,0.39689042489446236
1T5Q,0.39689042489446236
1XR0,0.39689042489446236
2AFF,0.39689042489446236
2JSN,0.39689042489446236
2JSO,0.39689042489446236
2KEF,0.39689042489446236
2LFN,0.39689042489446236
2PNI,0.39689042489446236
2RU1,0.39689042489446236
5UKZ,0.39689042489446236
6GWX,0.39689042489446236
7QS6,0.39689042489446236
1A11,0.39313955089164027
1F81,0.39313955089164027
1ZNF,0.39313955089164027
2NR1,0.39313955089164027
2RQO,0.39313955089164027
2RRS,0.39313955089164027
5Z5W,0.39313955089164027
5Z5X,0.39313955089164027
6OVJ,0.39313955089164027
6U24,0.39313955089164027
6U7Q,0.39313955089164027
6U7R,0.39313955089164027
6U7S,0.39313955089164027
6U7U,0.39313955089164027
6U7W,0.39313955089164027
6U7X,0.39313955089164027
6VY8,0.39313955089164027
1AXH,0.38950837141906686
1DU6,0.38950837141906686
1K8V,0.38950837141906686
1MXN,0.38950837141906686
1MXP,0.38950837141906686
1NB1,0.38950837141906686
1NBJ,0.38950837141906686
1R1F,0.38950837141906686
1WN4,0.38950837141906686
1WN8,0.38950837141906686
2C5Z,0.38950837141906686
2G46,0.38950837141906686
2GMO,0.38950837141906686
2GQC,0.38950837141906686
2HFD,0.38950837141906686
2JZT,0.38950837141906686
2LOH,0.38950837141906686
2MKX,0.38950837141906686
6GSE,0.38950837141906686
6TKT,0.38950837141906686
7OS8,0.38950837141906686
1PLP,0.38829228878441135
5V11,0.38829228878441135
7JGI,0.38829228878441135
1YWJ,0.3880329003497563
2MMJ,0.3880329003497563
2MN8,0.3880329003497563
2MN9,0.3880329003497563
6WUX,0.3880329003497563
7D13,0.3880329003497563
7D16,0.3880329003497563
7MN3,0.3880329003497563
1APO,0.38599115389751165
1BBI,0.38599115389751165
1BH1,0.38599115389751165
1D1H,0.38599115389751165
1DMZ,0.38599115389751165
1E91,0.38599115389751165
1FOV,0.38599115389751165
1LV9,0.38599115389751165
1MC7,0.38599115389751165
1QU5,0.38599115389751165
1SOP,0.38599115389751165
1TFI,0.38599115389751165
1TOF,0.38599115389751165
1U89,0.38599115389751165
1UL2,0.38599115389751165
1WM7,0.38599115389751165
1XOX,0.38599115389751165
1YHP,0.38599115389751165
2B1O,0.38599115389751165
2BBI,0.38599115389751165
2CSA,0.38599115389751165
2E61,0.38599115389751165
2FHW,0.38599115389751165
2I28,0.38599115389751165
2JOC,0.38599115389751165
2JXC,0.38599115389751165
2KSL,0.38599115389751165
2KZS,0.38599115389751165
2KZU,0.38599115389751165
2L2L,0.38599115389751165
2L4R,0.38599115389751165
2LHV,0.38599115389751165
2LHW,0.38599115389751165
2LHX,0.38599115389751165
2LHY,0.38599115389751165
2LHZ,0.38599115389751165
2LI0,0.38599115389751165
2LI1,0.38599115389751165
2LI2,0.38599115389751165
2LLZ,0.38599115389751165
2LU2,0.38599115389751165
2M3I,0.38599115389751165
2M9U,0.38599115389751165
2MHK,0.38599115389751165
2MJR,0.38599115389751165
2MJS,0.38599115389751165
2MJT,0.38599115389751165
2MQS,0.38599115389751165
2MTO,0.38599115389751165
2MTT,0.38599115389751165
2MTU,0.38599115389751165
2MUN,0.38599115389751165
2MWT,0.38599115389751165
2MZE,0.38599115389751165
2MZH,0.38599115389751165
2MZI,0.38599115389751165
2N19,0.38599115389751165
2PAC,0.38599115389751165
4A4E,0.38599115389751165
4A4F,0.38599115389751165
4A4G,0.38599115389751165
4A4H,0.38599115389751165
4HCK,0.38599115389751165
5HCK,0.38599115389751165
5NDA,0.38599115389751165
5NHQ,0.38599115389751165
6CFB,0.38599115389751165
6E83,0.38599115389751165
6F7M,0.38599115389751165
6F7N,0.38599115389751165
6GD5,0.38599115389751165
6HKC,0.38599115389751165
6NOX,0.38599115389751165
6RSF,0.38599115389751165
6RSG,0.38599115389751165
6RWG,0.38599115389751165
6SY2,0.38599115389751165
7LL7,0.38599115389751165
7QBY,0.38599115389751165
7RZ3,0.38599115389751165
7UV1,0.38599115389751165
7UV2,0.38599115389751165
7UV3,0.38599115389751165
7UV4,0.38599115389751165
1KA6,0.38542927492872425
2GDL,0.38542927492872425
2MJY,0.38542927492872425
2MT7,0.38542927492872425
2MWN,0.38542927492872425
2OVN,0.38542927492872425
5O2P,0.38542927492872425
7EES,0.38542927492872425
8DI2,0.38542927492872425
1KZ0,0.3814404342346873
1KZ2,0.3814404342346873
1KZ5,0.3814404342346873
1G4F,0.37927791569970704
1G4G,0.37927791569970704
1HJD,0.37927791569970704
1IU0,0.37927791569970704
1IU2,0.37927791569970704
1J7O,0.37927791569970704
1J7P,0.37927791569970704
1M7L,0.37927791569970704
1NIX,0.37927791569970704
1P23,0.37927791569970704
1R9I,0.37927791569970704
1S6I,0.37927791569970704
1TFQ,0.37927791569970704
1TFT,0.37927791569970704
1Y4O,0.37927791569970704
1YR1,0.37927791569970704
2AB9,0.37927791569970704
2ALJ,0.37927791569970704
2FCI,0.37927791569970704
2FLG,0.37927791569970704
2HVZ,0.37927791569970704
2I38,0.37927791569970704
2J15,0.37927791569970704
2JTW,0.37927791569970704
2JU5,0.37927791569970704
2KGH,0.37927791569970704
2KHO,0.37927791569970704
2KSW,0.37927791569970704
2L1C,0.37927791569970704
2LJ7,0.37927791569970704
2LLP,0.37927791569970704
2LN0,0.37927791569970704
2LY4,0.37927791569970704
2MSA,0.37927791569970704
2MV1,0.37927791569970704
2N1N,0.37927791569970704
2N5H,0.37927791569970704
2N5I,0.37927791569970704
2ND2,0.37927791569970704
2ND3,0.37927791569970704
2NLW,0.37927791569970704
3MRA,0.37927791569970704
5JHI,0.37927791569970704
5JI4,0.37927791569970704
5JOJ,0.37927791569970704
5JOL,0.37927791569970704
5LO2,0.37927791569970704
5LO3,0.37927791569970704
5LO4,0.37927791569970704
5MFY,0.37927791569970704
5OJT,0.37927791569970704
6FZK,0.37927791569970704
6G5R,0.37927791569970704
6G5S,0.37927791569970704
6SAP,0.37927791569970704
6VPN,0.37927791569970704
6VTI,0.37927791569970704
7LQT,0.37927791569970704
1UEO,0.3784618205482019
2N92,0.3784618205482019
1KA7,0.37461556159923615
2KUS,0.37461556159923615
2KXS,0.37461556159923615
2L6K,0.37461556159923615
6JXU,0.37461556159923615
7M7X,0.37461556159923615
1APJ,0.3729613461233929
1AS5,0.3729613461233929
1EMZ,0.3729613461233929
1FVN,0.3729613461233929
1G92,0.3729613461233929
1KLR,0.3729613461233929
1KLS,0.3729613461233929
1KWD,0.3729613461233929
1KWE,0.3729613461233929
1M2S,0.3729613461233929
1N88,0.3729613461233929
1O9A,0.3729613461233929
1QLO,0.3729613461233929
1S1O,0.3729613461233929
1SS1,0.3729613461233929
1WPD,0.3729613461233929
1XWN,0.3729613461233929
2AIZ,0.3729613461233929
2AMI,0.3729613461233929
2ASQ,0.3729613461233929
2DEZ,0.3729613461233929
2DF0,0.3729613461233929
2EWL,0.3729613461233929
2F8B,0.3729613461233929
2JMS,0.3729613461233929
2JW4,0.3729613461233929
2K44,0.3729613461233929
2KC9,0.3729613461233929
2KGJ,0.3729613461233929
2KHH,0.3729613461233929
2KXC,0.3729613461233929
2LI7,0.3729613461233929
2LI9,0.3729613461233929
2LJM,0.3729613461233929
2LLV,0.3729613461233929
2LLW,0.3729613461233929
2LNW,0.3729613461233929
2LNX,0.3729613461233929
2MPS,0.3729613461233929
2MTE,0.3729613461233929
2MTN,0.3729613461233929
2N9X,0.3729613461233929
2NDI,0.3729613461233929
2PJV,0.3729613461233929
2RNG,0.3729613461233929
2RTY,0.3729613461233929
5XZK,0.3729613461233929
5Z31,0.3729613461233929
5Z32,0.3729613461233929
6ESP,0.3729613461233929
6HN9,0.3729613461233929
6MV3,0.3729613461233929
6QM1,0.3729613461233929
6QTF,0.3729613461233929
6QYR,0.3729613461233929
6QYS,0.3729613461233929
6QYT,0.3729613461233929
6QYU,0.3729613461233929
6QYV,0.3729613461233929
6QYW,0.3729613461233929
6SFT,0.3729613461233929
6XYH,0.3729613461233929
6XYI,0.3729613461233929
7KPD,0.3729613461233929
7PVB,0.3729613461233929
7QCX,0.3729613461233929
8H0G,0.3729613461233929
8H0U,0.3729613461233929
1RKK,0.36967998329017804
2MN5,0.36967998329017804
5V0Y,0.36967998329017804
7ZZV,0.36967998329017804
1AUU,0.3670072652036837
1BUS,0.3670072652036837
1C49,0.3670072652036837
1CNL,0.3670072652036837
1CXW,0.3670072652036837
1ERC,0.3670072652036837
1FI3,0.3670072652036837
1I25,0.3670072652036837
1J0T,0.3670072652036837
1J5B,0.3670072652036837
1LKQ,0.3670072652036837
1OMA,0.3670072652036837
1OMB,0.3670072652036837
1OWA,0.3670072652036837
1OZS,0.3670072652036837
1PLW,0.3670072652036837
1PLX,0.3670072652036837
1SUT,0.3670072652036837
1UDK,0.3670072652036837
1W09,0.3670072652036837
1W0A,0.3670072652036837
1W0B,0.3670072652036837
1WZ5,0.3670072652036837
1Y2P,0.3670072652036837
1ZWB,0.3670072652036837
1ZWD,0.3670072652036837
1ZWE,0.3670072652036837
2BUS,0.3670072652036837
2ETZ,0.3670072652036837
2EU0,0.3670072652036837
2FN2,0.3670072652036837
2GFR,0.3670072652036837
2JN5,0.3670072652036837
2JPY,0.3670072652036837
2JQ0,0.3670072652036837
2JQ1,0.3670072652036837
2JWW,0.3670072652036837
2JXW,0.3670072652036837
2KE1,0.3670072652036837
2KES,0.3670072652036837
2KS9,0.3670072652036837
2KSA,0.3670072652036837
2KSB,0.3670072652036837
2KTC,0.3670072652036837
2L7B,0.3670072652036837
2L9U,0.3670072652036837
2M5X,0.3670072652036837
2M87,0.3670072652036837
2MBK,0.3670072652036837
2MII,0.3670072652036837
2MNQ,0.3670072652036837
2MQ1,0.3670072652036837
2MT8,0.3670072652036837
2MVO,0.3670072652036837
2ORC,0.3670072652036837
2RRB,0.3670072652036837
3ZKT,0.3670072652036837
5GVQ,0.3670072652036837
6CEI,0.3670072652036837
6CUC,0.3670072652036837
6YET,0.3670072652036837
6YEU,0.3670072652036837
7AY8,0.3670072652036837
7K7X,0.3670072652036837
7OVC,0.3670072652036837
7QAL,0.3670072652036837
7QAM,0.3670072652036837
7QAO,0.3670072652036837
7QAP,0.3670072652036837
7YYI,0.3670072652036837
7Z07,0.3670072652036837
7Z08,0.3670072652036837
7Z0B,0.3670072652036837
2KRB,0.36481522173056136
2L7T,0.36481522173056136
2LKQ,0.36481522173056136
2LTV,0.36481522173056136
2LTW,0.36481522173056136
2MLU,0.36481522173056136
2MLV,0.36481522173056136
2N7N,0.36481522173056136
2N7O,0.36481522173056136
2N7T,0.36481522173056136
2RNY,0.36481522173056136
5XDI,0.36481522173056136
6HT4,0.36481522173056136
6JXV,0.36481522173056136
6JXX,0.36481522173056136
2I9N,0.36410834729913194
2I9O,0.36410834729913194
1P9F,0.36159359840722227
2LZX,0.36159359840722227
2LZY,0.36159359840722227
6E1L,0.36159359840722227
1B2T,0.36138537216464695
1BJB,0.36138537216464695
1BJC,0.36138537216464695
1CEE,0.36138537216464695
1CUR,0.36138537216464695
1D6G,0.36138537216464695
1D6T,0.36138537216464695
1DCJ,0.36138537216464695
1DU9,0.36138537216464695
1F7W,0.36138537216464695
1F7X,0.36138537216464695
1FJD,0.36138537216464695
1HOV,0.36138537216464695
1IH9,0.36138537216464695
1KC4,0.36138537216464695
1KFH,0.36138537216464695
1KL8,0.36138537216464695
1LA4,0.36138537216464695
1MTX,0.36138537216464695
1MZK,0.36138537216464695
1NBL,0.36138537216464695
1OMQ,0.36138537216464695
1PQR,0.36138537216464695
1RIJ,0.36138537216464695
1RIK,0.36138537216464695
1RIM,0.36138537216464695
1TCG,0.36138537216464695
1TCH,0.36138537216464695
1TCJ,0.36138537216464695
1TCK,0.36138537216464695
1V1D,0.36138537216464695
1WMT,0.36138537216464695
1WSX,0.36138537216464695
1XX3,0.36138537216464695
1Y4E,0.36138537216464695
1YYB,0.36138537216464695
2DYD,0.36138537216464695
2EFZ,0.36138537216464695
2FYJ,0.36138537216464695
2FYL,0.36138537216464695
2I8L,0.36138537216464695
2K2Q,0.36138537216464695
2KN2,0.36138537216464695
2L0Z,0.36138537216464695
2L6J,0.36138537216464695
2L7S,0.36138537216464695
2LAI,0.36138537216464695
2LEU,0.36138537216464695
2LIU,0.36138537216464695
2LIW,0.36138537216464695
2LMZ,0.36138537216464695
2LWX,0.36138537216464695
2MI2,0.36138537216464695
2MJ9,0.36138537216464695
2MQU,0.36138537216464695
2MZF,0.36138537216464695
2MZG,0.36138537216464695
2N9A,0.36138537216464695
2NC9,0.36138537216464695
2NLN,0.36138537216464695
2REL,0.36138537216464695
2RON,0.36138537216464695
2YH0,0.36138537216464695
3LEU,0.36138537216464695
6FGP,0.36138537216464695
6MBM,0.36138537216464695
6X8R,0.36138537216464695
7K1Q,0.36138537216464695
7O9U,0.36138537216464695
7SKC,0.36138537216464695
7TVQ,0.36138537216464695
7TVR,0.36138537216464695
8DYM,0.36138537216464695
1AV3,0.35606855578571117
1AWW,0.35606855578571117
1AWX,0.35606855578571117
1CB9,0.35606855578571117
1CCQ,0.35606855578571117
1F54,0.35606855578571117
1F55,0.35606855578571117
1FMY,0.35606855578571117
1GM0,0.35606855578571117
1HYM,0.35606855578571117
1MEQ,0.35606855578571117
1N1U,0.35606855578571117
1N9U,0.35606855578571117
1N9V,0.35606855578571117
1PC2,0.35606855578571117
1U57,0.35606855578571117
1Y29,0.35606855578571117
1Z1M,0.35606855578571117
1ZDA,0.35606855578571117
1ZDB,0.35606855578571117
1ZDC,0.35606855578571117
1ZDD,0.35606855578571117
1ZFS,0.35606855578571117
1ZMZ,0.35606855578571117
2B5P,0.35606855578571117
2B5Q,0.35606855578571117
2FQA,0.35606855578571117
2FQC,0.35606855578571117
2J0Z,0.35606855578571117
2J10,0.35606855578571117
2J11,0.35606855578571117
2K3U,0.35606855578571117
2K7G,0.35606855578571117
2KDT,0.35606855578571117
2KE3,0.35606855578571117
2KK9,0.35606855578571117
2KRA,0.35606855578571117
2KY3,0.35606855578571117
2LE7,0.35606855578571117
2LP0,0.35606855578571117
2LU9,0.35606855578571117
2LVL,0.35606855578571117
2MDF,0.35606855578571117
2MDQ,0.35606855578571117
2ME7,0.35606855578571117
2MEL,0.35606855578571117
2MEN,0.35606855578571117
2MEO,0.35606855578571117
2MH1,0.35606855578571117
2N2E,0.35606855578571117
2N32,0.35606855578571117
2N58,0.35606855578571117
2NOU,0.35606855578571117
2OI3,0.35606855578571117
2OJ2,0.35606855578571117
2RT4,0.35606855578571117
2Z3S,0.35606855578571117
3CYS,0.35606855578571117
5GIW,0.35606855578571117
5JPW,0.35606855578571117
6BJF,0.35606855578571117
6GIF,0.35606855578571117
6GIG,0.35606855578571117
6QAN,0.35606855578571117
6QBJ,0.35606855578571117
6QJB,0.35606855578571117
6UCJ,0.35606855578571117
6UCK,0.35606855578571117
6VE9,0.35606855578571117
6VGT,0.35606855578571117
6VHJ,0.35606855578571117
6VJQ,0.35606855578571117
6VLJ,0.35606855578571117
7JU9,0.35606855578571117
7JVF,0.35606855578571117
7Y4N,0.35606855578571117
1V46,0.35589218199464967
2DJY,0.35589218199464967
2LA8,0.35589218199464967
2LTX,0.35589218199464967
2LTY,0.35589218199464967
2LTZ,0.35589218199464967
2M0H,0.35589218199464967
2MHO,0.35589218199464967
2MXH,0.35589218199464967
2N6A,0.35589218199464967
2ND0,0.35589218199464967
1C4B,0.3541231856278981
1KQE,0.3541231856278981
1LU8,0.3541231856278981
1XBH,0.3541231856278981
7MMM,0.3541231856278981
1A7M,0.3510327219932687
1DV5,0.3510327219932687
1E4Q,0.3510327219932687
1E4R,0.3510327219932687
1E4S,0.3510327219932687
1E4T,0.3510327219932687
1ERA,0.3510327219932687
1FRA,0.3510327219932687
1G1P,0.3510327219932687
1G1Z,0.3510327219932687
1HQB,0.3510327219932687
1NMV,0.3510327219932687
1NMW,0.3510327219932687
1PEH,0.3510327219932687
1PEI,0.3510327219932687
1PT4,0.3510327219932687
1QA4,0.3510327219932687
1QA5,0.3510327219932687
1QWQ,0.3510327219932687
1SCY,0.3510327219932687
1SW8,0.3510327219932687
1Y03,0.3510327219932687
1Y04,0.3510327219932687
2B7E,0.3510327219932687
2FRW,0.3510327219932687
2FRY,0.3510327219932687
2HTG,0.3510327219932687
2I50,0.3510327219932687
2IZ3,0.3510327219932687
2IZ4,0.3510327219932687
2JRD,0.3510327219932687
2JYQ,0.3510327219932687
2JZV,0.3510327219932687
2K3C,0.3510327219932687
2KIS,0.3510327219932687
2KLW,0.3510327219932687
2KUX,0.3510327219932687
2KZQ,0.3510327219932687
2L0E,0.3510327219932687
2LBT,0.3510327219932687
2LCA,0.3510327219932687
2LG5,0.3510327219932687
2LG6,0.3510327219932687
2LQH,0.3510327219932687
2LQI,0.3510327219932687
2LR1,0.3510327219932687
2LSG,0.3510327219932687
2LSJ,0.3510327219932687
2M08,0.3510327219932687
2M4X,0.3510327219932687
2M4Z,0.3510327219932687
2M50,0.3510327219932687
2MOF,0.3510327219932687
2MOM,0.3510327219932687
2N1K,0.3510327219932687
2N8H,0.3510327219932687
2NAF,0.3510327219932687
2NAT,0.3510327219932687
2NAU,0.3510327219932687
2OON,0.3510327219932687
2OOP,0.3510327219932687
2RQT,0.3510327219932687
2RQU,0.3510327219932687
5XE4,0.3510327219932687
5XEE,0.3510327219932687
6GBD,0.3510327219932687
6QAY,0.3510327219932687
7BWI,0.3510327219932687
7LVN,0.3510327219932687
7S7P,0.3510327219932687
2EZ5,0.3477337304013676
2JMF,0.3477337304013676
2KBW,0.3477337304013676
2LCN,0.3477337304013676
2LCO,0.3477337304013676
2LGG,0.3477337304013676
2LSP,0.3477337304013676
2M04,0.3477337304013676
2M1T,0.3477337304013676
2MID,0.3477337304013676
2MIE,0.3477337304013676
2MRK,0.3477337304013676
2MXG,0.3477337304013676
2N1O,0.3477337304013676
2PV6,0.3477337304013676
2RQW,0.3477337304013676
5IXF,0.3477337304013676
5U5S,0.3477337304013676
6MNL,0.3477337304013676
6MPP,0.3477337304013676
7K7F,0.3477337304013676
7SUQ,0.3477337304013676
7SUR,0.3477337304013676
1BH4,0.3472009453497274
2AXK,0.3472009453497274
5H2S,0.3472009453497274
6ENA,0.3472009453497274
7CKD,0.3472009453497274
7CKE,0.3472009453497274
1BCT,0.34625610422708325
1CIS,0.34625610422708325
1CZ4,0.34625610422708325
1CZ5,0.34625610422708325
1EHS,0.34625610422708325
1FFJ,0.34625610422708325
1IM1,0.34625610422708325
1JBL,0.34625610422708325
1JBN,0.34625610422708325
1JLZ,0.34625610422708325
1JNS,0.34625610422708325
1JNT,0.34625610422708325
1MNT,0.34625610422708325
1N8M,0.34625610422708325
1OSX,0.34625610422708325
1XEE,0.34625610422708325
1XWH,0.34625610422708325
2ARI,0.34625610422708325
2B68,0.34625610422708325
2GJ0,0.34625610422708325
2HN8,0.34625610422708325
2JQF,0.34625610422708325
2JQG,0.34625610422708325
2KNI,0.34625610422708325
2L2T,0.34625610422708325
2L58,0.34625610422708325
2L5B,0.34625610422708325
2L5S,0.34625610422708325
2LCX,0.34625610422708325
2LR9,0.34625610422708325
2M0A,0.34625610422708325
2M0J,0.34625610422708325
2M0K,0.34625610422708325
2M5E,0.34625610422708325
2MPQ,0.34625610422708325
2MWY,0.34625610422708325
2N06,0.34625610422708325
2N0U,0.34625610422708325
2N0W,0.34625610422708325
2N14,0.34625610422708325
2N2R,0.34625610422708325
2N5U,0.34625610422708325
2RSM,0.34625610422708325
5O1Q,0.34625610422708325
5XJK,0.34625610422708325
6HVK,0.34625610422708325
6OKW,0.34625610422708325
6OKX,0.34625610422708325
6OQ9,0.34625610422708325
6OQJ,0.34625610422708325
6OQK,0.34625610422708325
1AAF,0.34171922033819113
1APF,0.34171922033819113
1BBO,0.34171922033819113
1DF6,0.34171922033819113
1HLY,0.34171922033819113
1HPJ,0.34171922033819113
1HPK,0.34171922033819113
1IY5,0.34171922033819113
1IY6,0.34171922033819113
1L5C,0.34171922033819113
1L5D,0.34171922033819113
1LV4,0.34171922033819113
1LXF,0.34171922033819113
1N2Y,0.34171922033819113
1PON,0.34171922033819113
1PSM,0.34171922033819113
1R5S,0.34171922033819113
1X9V,0.34171922033819113
1XF7,0.34171922033819113
1Y9J,0.34171922033819113
2ESY,0.34171922033819113
2JU0,0.34171922033819113
2JUM,0.34171922033819113
2JUQ,0.34171922033819113
2JUR,0.34171922033819113
2JUS,0.34171922033819113
2JUT,0.34171922033819113
2JUU,0.34171922033819113
2JUV,0.34171922033819113
2KAF,0.34171922033819113
2KJ4,0.34171922033819113
2KQV,0.34171922033819113
2KQW,0.34171922033819113
2KRD,0.34171922033819113
2KSP,0.34171922033819113
2KTX,0.34171922033819113
2L1A,0.34171922033819113
2L44,0.34171922033819113
2LOU,0.34171922033819113
2M2I,0.34171922033819113
2MHY,0.34171922033819113
2N2Q,0.34171922033819113
5KS5,0.34171922033819113
5TP5,0.34171922033819113
5U9Q,0.34171922033819113
5U9R,0.34171922033819113
5U9Y,0.34171922033819113
5UA6,0.34171922033819113
5UA7,0.34171922033819113
5UA8,0.34171922033819113
6MSP,0.34171922033819113
6RVA,0.34171922033819113
1EYO,0.34076871990988555
2N7P,0.34076871990988555
2NA3,0.34076871990988555
2NAL,0.34076871990988555
2NCV,0.34076871990988555
7QZV,0.34076871990988555
1IBN,0.34024557248768855
1IBO,0.34024557248768855
1PYV,0.34024557248768855
2BN5,0.34024557248768855
2KVM,0.34024557248768855
2MIF,0.34024557248768855
2MIG,0.34024557248768855
2MJV,0.34024557248768855
2N1S,0.34024557248768855
2N8T,0.34024557248768855
2NCZ,0.34024557248768855
2ND1,0.34024557248768855
2RQR,0.34024557248768855
2RSN,0.34024557248768855
6TWG,0.34024557248768855
7C1M,0.34024557248768855
8B1X,0.34024557248768855
1ID6,0.3347762479501719
1ID7,0.3347762479501719
1P0J,0.3347762479501719
1P0L,0.3347762479501719
1P0O,0.3347762479501719
1P5K,0.3347762479501719
1P5L,0.3347762479501719
1SSF,0.3347762479501719
2KNS,0.3347762479501719
1TR6,0.3333483615986845
1ZUV,0.3333483615986845
2K0F,0.3333483615986845
2K17,0.3333483615986845
2L56,0.3333483615986845
2LGK,0.3333483615986845
2LLO,0.3333483615986845
2LLQ,0.3333483615986845
2LX5,0.3333483615986845
2M0U,0.3333483615986845
2M0V,0.3333483615986845
2MAU,0.3333483615986845
2ME2,0.3333483615986845
2ME3,0.3333483615986845
2ME4,0.3333483615986845
2MIH,0.3333483615986845
2N3A,0.3333483615986845
2YKA,0.3333483615986845
5IAY,0.3333483615986845
7OSC,0.3333483615986845
8C5J,0.3333483615986845
1A7I,0.333295863241521
1EZO,0.333295863241521
1IML,0.333295863241521
1LG4,0.333295863241521
1LJV,0.333295863241521
1OAV,0.333295863241521
1OAW,0.333295863241521
1PS2,0.333295863241521
2M8S,0.333295863241521
2OJM,0.333295863241521
2OJN,0.333295863241521
2OJO,0.333295863241521
5TBG,0.333295863241521
5TBQ,0.333295863241521
5TBR,0.333295863241521
6P6B,0.333295863241521
6P6C,0.333295863241521
2N6N,0.32917988428465556
2N6R,0.32917988428465556
2N8K,0.32917988428465556
6BA3,0.32917988428465556
2IFS,0.32697489725106016
2K35,0.32697489725106016
2KT5,0.32697489725106016
2L07,0.32697489725106016
2L0I,0.32697489725106016
2L1L,0.32697489725106016
2RS9,0.32697489725106016
5LVF,0.32697489725106016
5M9D,0.32697489725106016
5TBN,0.32697489725106016
6TVJ,0.32697489725106016
6XTH,0.32697489725106016
6XTI,0.32697489725106016
7BX2,0.32697489725106016
1GIB,0.3256408872722345
1JTB,0.3256408872722345
1KX6,0.3256408872722345
2K8M,0.3256408872722345
2LXG,0.3256408872722345
2PDD,0.3256408872722345
2PDE,0.3256408872722345
2PTA,0.3256408872722345
1DZ1,0.3239416301024373
2MZ6,0.3239416301024373
1HCW,0.321067582109284
1HFF,0.321067582109284
1ZWU,0.321067582109284
2KYM,0.321067582109284
2LAJ,0.321067582109284
2LVM,0.321067582109284
2MMW,0.321067582109284
5V2G,0.321067582109284
6RRL,0.321067582109284
6RRO,0.321067582109284
6RSM,0.321067582109284
7LSP,0.321067582109284
1U34,0.3190282062725106
7DEH,0.3190282062725106
7VOZ,0.3190282062725106
1ACA,0.3186537223016211
1F0D,0.3186537223016211
1F0E,0.3186537223016211
1F0F,0.3186537223016211
1F0G,0.3186537223016211
1F0H,0.3186537223016211
1HTX,0.3186537223016211
1MIT,0.3186537223016211
1AQG,0.3155771332328135
2K6W,0.3155771332328135
2L1W,0.3155771332328135
2LB1,0.3155771332328135
2LB3,0.3155771332328135
2ME1,0.3155771332328135
6S3W,0.3155771332328135
7SEK,0.3155771332328135
1FH3,0.31441023440387167
2K0J,0.31441023440387167
1O1W,0.3122506812933354
2LKB,0.3122506812933354
3ZNF,0.3122506812933354
4ZNF,0.3122506812933354
1S4T,0.31046093126568536
2H7D,0.31046093126568536
2JQI,0.31046093126568536
2K6Y,0.31046093126568536
2KXH,0.31046093126568536
2LAW,0.31046093126568536
2MES,0.31046093126568536
2RVN,0.31046093126568536
7UBH,0.31046093126568536
7ZRU,0.31046093126568536
1V7F,0.3100619351308231
2KJN,0.3100619351308231
2KJO,0.3100619351308231
6R2X,0.3100619351308231
1LIP,0.30636136127809105
2K6Z,0.3056819601248685
2K70,0.3056819601248685
2KTB,0.3056819601248685
2KZN,0.3056819601248685
2LAX,0.3056819601248685
2LAY,0.3056819601248685
2RMX,0.3056819601248685
6FDP,0.3056819601248685
6FDT,0.3056819601248685
7P5G,0.3056819601248685
7UBC,0.3056819601248685
7UBE,0.3056819601248685
1Z2T,0.30120794495827413
2FUU,0.30120794495827413
2KWK,0.30120794495827413
2LAZ,0.30120794495827413
2LB0,0.30120794495827413
5W4S,0.30120794495827413
7KLR,0.30120794495827413
2DYF,0.2970105978580153
2H7E,0.2970105978580153
2JMJ,0.2970105978580153
2JQL,0.2970105978580153
6QXZ,0.2970105978580153
7UBG,0.2970105978580153
7UBI,0.2970105978580153
7UZL,0.2970105978580153
8CWA,0.2970105978580153
1PE4,0.29494195138548684
2JVA,0.29494195138548684
2NCE,0.29306504029227365
2RMV,0.29306504029227365
2RMW,0.29306504029227365
5W88,0.29306504029227365
6QXB,0.29306504029227365
7P5Q,0.29306504029227365
7UBD,0.29306504029227365
8B6X,0.29306504029227365
8CTO,0.29306504029227365
7ATY,0.29164341667584026
2KWJ,0.28934927725968573
6N68,0.28934927725968573
1IHQ,0.28584377057855864
1OEF,0.28584377057855864
1OEG,0.28584377057855864
8B6Y,0.28584377057855864
1LE3,0.28253120182532215
7P5S,0.28253120182532215
1OO4,0.2793959982114353
2KWN,0.2793959982114353
7UBF,0.2793959982114353
8CUN,0.2793959982114353
2IWJ,0.2764244101671646
2KWO,0.27360382601820304
6QXC,0.2709230995616258
